"id","genero","admision.letras","admision.numeros","promedio.preparatoria","edad.ingreso","evalucion.socioeconomica","nota.conducta"
"1",2,60.0937308547091,35.1874617094183,70.2811925641274,18,4,16
"2",2,59.0787372896547,33.1574745793094,67.236211868964,17,4,15
"3",2,53.1433472503874,21.2866945007749,60,15,4,13
"4",1,57.0041614210814,29.0083228421628,61.0124842632442,16,4,14
"5",2,61.4727256328375,37.9454512656751,74.4181768985126,18,4,16
"6",2,61.9489715035008,38.8979430070017,75.8469145105025,18,4,16
"7",2,53.9596191228526,22.9192382457051,60,15,4,13
"8",2,58.1816199126457,31.3632398252914,64.5448597379371,17,4,15
"9",1,51.8666365914845,18.7332731829691,60,14,4,12
"10",2,58.71760802938,32.4352160587601,66.1528240881401,17,4,15
"11",1,65.5088975154356,46.0177950308713,86.526692546307,20,4,18
"12",2,63.7789075401367,42.5578150802734,81.3367226204101,19,4,17
"13",2,58.8088322199064,32.6176644398128,66.4264966597192,17,4,15
"14",2,64.937223517067,44.8744470341339,84.8116705512008,19,4,17
"15",2,63.7069506419191,42.4139012838382,81.1208519257573,19,4,17
"16",2,60.4467363324791,35.8934726649582,71.3402089974373,18,4,16
"17",2,55.2252807192381,25.4505614384762,60,16,4,14
"18",2,59.0242480766638,33.0484961533276,67.0727442299914,17,4,15
"19",2,64.6276063104704,44.2552126209408,83.8828189314112,19,4,17
"20",1,62.4148926241831,39.8297852483661,77.2446778725492,18,3,16
"21",1,57.018446816399,29.0368936327979,61.0553404491969,16,2,14
"22",1,49.0735658091523,13.1471316183047,60,13,4,11
"23",1,56.6256703106244,28.2513406212488,60,16,3,14
"24",2,49.4046940404491,13.8093880808983,60,13,4,11
"25",2,53.6740098923455,22.348019784691,60,15,4,13
"26",1,58.1316922242265,31.263384448453,64.3950766726795,17,3,15
"27",1,56.5622228480604,28.1244456961208,60,16,3,14
"28",2,55.6392058664116,26.2784117328231,60,16,4,14
"29",1,59.4911949688759,33.9823899377518,68.4735849066277,17,3,15
"30",2,58.7310973494877,32.4621946989754,66.1932920484631,17,4,15
"31",2,50.7312977276043,16.4625954552086,60,14,4,12
"32",2,59.6102696696232,34.2205393392463,68.8308090088695,17,4,15
"33",2,64.8428317026227,44.6856634052454,84.5284951078681,19,4,17
"34",1,60.9246297999516,36.8492595999031,72.7738893998547,18,2,16
"35",2,53.1002821083121,21.2005642166242,60,15,4,13
"36",1,52.8224281881982,20.6448563763963,60,15,3,13
"37",1,61.810436143033,38.6208722860661,75.4313084290991,18,3,16
"38",1,51.2045662312015,17.4091324624029,60,14,1,12
"39",1,58.3772799521383,31.7545599042767,65.131839856415,17,4,15
"40",2,56.7421850572767,28.4843701145534,60.2265551718301,16,4,14
"41",2,65.4327569972025,45.8655139944051,86.2982709916076,20,4,18
"42",2,56.1872755998435,27.3745511996871,60,16,4,14
"43",2,55.8566873249945,26.7133746499891,60,16,4,14
"44",1,64.1723695154423,43.3447390308845,82.5171085463268,19,3,17
"45",2,55.1617400662005,25.3234801324009,60,16,4,14
"46",2,59.8559233226207,34.7118466452414,69.567769967862,17,4,15
"47",2,61.162625762877,37.3252515257539,73.4878772886309,18,4,16
"48",2,58.4939565924791,31.9879131849582,65.4818697774373,17,4,15
"49",2,56.6119270842533,28.2238541685067,60,16,4,14
"50",1,63.2761381811761,41.5522763623522,79.8284145435283,19,3,17
"51",2,57.9968122648413,30.9936245296826,63.9904367945239,17,4,15
"52",1,58.3272171746332,31.6544343492665,64.9816515238997,17,2,15
"53",2,66.8397697659598,48.6795395319196,90.5193092978795,20,4,18
"54",2,70.6888355182506,56.3776710365012,100,22,4,20
"55",2,62.5290963226451,40.0581926452902,77.5872889679354,19,4,17
"56",2,63.9317119211958,42.8634238423916,81.7951357635874,19,4,17
"57",2,55.4889402791068,25.9778805582136,60,16,4,14
"58",2,62.6644849616416,40.3289699232833,77.9934548849249,19,4,17
"59",2,56.770528732254,28.5410574645079,60.3115861967619,16,4,14
"60",2,61.4549374421488,37.9098748842977,74.3648123264465,18,4,16
"61",2,53.8120276556139,22.6240553112278,60,15,4,13
"62",2,57.719118624411,30.4382372488219,63.1573558732329,17,4,15
"63",2,55.8483867263763,26.6967734527527,60,16,4,14
"64",2,61.7005782183713,38.4011564367426,75.1017346551139,18,4,16
"65",1,65.3318819784108,45.6637639568217,85.9956459352325,20,3,18
"66",1,66.080629190399,47.161258380798,88.241887571197,20,3,18
"67",2,63.6784532881653,42.3569065763305,81.0353598644958,19,4,17
"68",2,57.5939569134221,30.1879138268442,62.7818707402663,17,4,15
"69",2,62.8137238142906,40.6274476285812,78.4411714428717,19,4,17
"70",2,53.768401440554,22.536802881108,60,15,4,13
"71",2,61.9046110631284,38.8092221262568,75.7138331893852,18,4,16
"72",2,52.8478637360165,20.6957274720331,60,15,4,13
"73",1,54.757772475607,24.515544951214,60,15,4,13
"74",2,58.907482247327,32.8149644946541,66.7224467419811,17,4,15
"75",2,52.5503188163223,20.1006376326446,60,15,4,13
"76",2,65.8635314060715,46.7270628121431,87.5905942182146,20,4,18
"77",2,52.6008648921417,20.2017297842834,60,15,4,13
"78",1,57.8480609196139,30.6961218392278,63.5441827588416,17,1,15
"79",2,54.7418067897828,24.4836135795655,60,15,4,13
"80",2,67.6129317202705,50.225863440541,92.8387951608115,21,4,19
"81",1,62.9641402729304,40.9282805458608,78.8924208187912,19,2,17
"82",2,58.8866924549037,32.7733849098073,66.660077364711,17,4,15
"83",2,63.5644713812423,42.1289427624846,80.6934141437269,19,4,17
"84",1,63.5830041687053,42.1660083374105,80.7490125061158,19,4,17
"85",2,62.2012093219207,39.4024186438414,76.6036279657621,18,4,16
"86",2,60.7941531065905,36.588306213181,72.3824593197716,18,4,16
"87",1,63.2988206916597,41.5976413833195,79.8964620749792,19,3,17
"88",2,71.1025983146778,57.2051966293556,100,22,4,20
"89",2,54.080274629673,23.160549259346,60,15,4,13
"90",2,59.6302208275125,34.2604416550251,68.8906624825376,17,4,15
"91",2,57.9182266255674,30.8364532511348,63.7546798767022,17,4,15
"92",1,59.0425882812369,33.0851765624737,67.1277648437106,17,3,15
"93",2,60.347723907037,35.695447814074,71.043171721111,18,4,16
"94",2,65.7767415900526,46.5534831801052,87.3302247701578,20,4,18
"95",2,62.9747867347524,40.9495734695049,78.9243602042573,19,4,17
"96",1,52.9017744582151,20.8035489164301,60,15,3,13
"97",2,51.9666137732098,18.9332275464196,60,14,4,12
"98",2,64.4646294978159,43.9292589956317,83.3938884934476,19,4,17
"99",1,60.7408397759386,36.4816795518772,72.2225193278159,18,3,16
"100",2,66.1351419505069,47.2702839010139,88.4054258515208,20,4,18
"101",2,56.1909783041099,27.3819566082197,60,16,4,14
"102",2,62.0968770294495,39.1937540588991,76.2906310883486,18,4,16
"103",2,54.8002831768382,24.6005663536765,60,15,4,13
"104",2,63.5578698299632,42.1157396599263,80.6736094898895,19,4,17
"105",1,56.8339349251609,28.6678698503217,60.5018047754826,16,2,14
"106",1,62.8158733222507,40.6317466445015,78.4476199667522,19,2,17
"107",1,63.304933429158,41.609866858316,79.914800287474,19,1,17
"108",2,51.7097457133728,18.4194914267455,60,14,4,12
"109",1,65.1408398850896,45.2816797701792,85.4225196552688,20,4,18
"110",2,65.6397680700729,46.2795361401459,86.9193042102188,20,4,18
"111",1,53.5992269828891,22.1984539657782,60,15,3,13
"112",1,65.6443411370479,46.2886822740957,86.9330234111436,20,3,18
"113",2,57.6793273641751,30.3586547283502,63.0379820925253,17,4,15
"114",2,58.4211989523432,31.8423979046863,65.2635968570295,17,4,15
"115",1,64.6214657341747,44.2429314683495,83.8643972025242,19,3,17
"116",1,60.3857236199289,35.7714472398578,71.1571708597867,18,2,16
"117",2,65.1996180255594,45.3992360511188,85.5988540766782,20,4,18
"118",1,63.7094310336909,42.4188620673818,81.1282931010727,19,3,17
"119",1,66.2777242914476,47.5554485828952,88.8331728743427,20,4,18
"120",1,64.7545948322809,44.5091896645618,84.2637844968427,19,3,17
"121",2,57.5931719636335,30.1863439272671,62.7795158909006,17,4,15
"122",2,61.0144088898492,37.0288177796984,73.0432266695476,18,4,16
"123",2,59.8413012808114,34.6826025616227,69.5239038424341,17,4,15
"124",2,54.0220984983271,23.0441969966543,60,15,4,13
"125",2,63.1184061842422,41.2368123684843,79.3552185527265,19,4,17
"126",2,55.4259775816654,25.8519551633309,60,16,4,14
"127",1,61.2437900385405,37.487580077081,73.7313701156214,18,4,16
"128",2,54.6868860340981,24.3737720681962,60,15,4,13
"129",1,58.1800887640212,31.3601775280424,64.5402662920637,17,2,15
"130",1,53.9650257331086,22.9300514662173,60,15,1,13
"131",1,67.1460639069489,49.2921278138977,91.4381917208465,20,2,18
"132",2,63.1671794549142,41.3343589098283,79.5015383647425,19,4,17
"133",1,50.0159219117179,15.0318438234358,60,14,3,12
"134",2,56.590839134519,28.1816782690379,60,16,4,14
"135",2,57.6997226034465,30.399445206893,63.0991678103395,17,4,15
"136",2,55.0846540292612,25.1693080585224,60,16,4,14
"137",1,62.4766585644417,39.9533171288834,77.4299756933251,18,3,16
"138",1,63.6290875011627,42.2581750023253,80.887262503488,19,2,17
"139",2,63.3364936594646,41.6729873189292,80.0094809783938,19,4,17
"140",2,64.7739321823329,44.5478643646659,84.3217965469988,19,4,17
"141",1,51.6233391035403,18.2466782070806,60,14,4,12
"142",2,53.9740730375405,22.9481460750809,60,15,4,13
"143",2,50.1837375538973,15.3674751077947,60,14,4,12
"144",1,67.3537615490699,49.7075230981397,92.0612846472096,20,2,18
"145",2,61.862361692753,38.724723385506,75.587085078259,18,4,16
"146",1,65.3293966701884,45.6587933403768,85.9881900105653,20,3,18
"147",2,62.6532493417866,40.3064986835732,77.9597480253598,19,4,17
"148",1,60.5099172294207,36.0198344588413,71.529751688262,18,4,16
"149",2,66.6889123289324,48.3778246578648,90.0667369867972,20,4,18
"150",1,60.4361738424557,35.8723476849113,71.308521527367,18,2,16
"151",1,58.0444789629978,31.0889579259955,64.1334368889933,17,2,15
"152",2,58.7506625770222,32.5013251540444,66.2519877310666,17,4,15
"153",2,65.7755237294808,46.5510474589615,87.3265711884423,20,4,18
"154",2,55.676363800845,26.35272760169,60,16,4,14
"155",2,55.6666082881584,26.3332165763169,60,16,4,14
"156",2,48.3949148482607,11.7898296965214,60,13,4,11
"157",2,63.0441508445893,41.0883016891785,79.1324525337678,19,4,17
"158",2,65.7500302410049,46.5000604820099,87.2500907230148,20,4,18
"159",1,54.0020116413157,23.0040232826314,60,15,2,13
"160",2,52.0999962272506,19.1999924545012,60,14,4,12
"161",1,63.2658309682109,41.5316619364219,79.7974929046328,19,3,17
"162",2,57.2529575743851,29.5059151487703,61.7588727231554,16,4,14
"163",2,62.6052726265627,40.2105452531253,77.815817879688,19,4,17
"164",2,56.5029846679525,28.005969335905,60,16,4,14
"165",1,57.805453426039,30.610906852078,63.416360278117,17,3,15
"166",2,56.6134035194165,28.2268070388331,60,16,4,14
"167",1,64.7957059738767,44.5914119477535,84.3871179216302,19,3,17
"168",1,52.659133352688,20.318266705376,60,15,1,13
"169",1,60.9188194633406,36.8376389266813,72.7564583900219,18,4,16
"170",2,52.824264086741,20.648528173482,60,15,4,13
"171",2,54.3130005093826,23.6260010187653,60,15,4,13
"172",1,57.92677336561,30.85354673122,63.7803200968301,17,3,15
"173",1,60.7196714407568,36.4393428815136,72.1590143222703,18,3,16
"174",1,65.3101216534914,45.6202433069828,85.9303649604742,20,3,18
"175",1,57.146030486323,29.292060972646,61.438091458969,16,1,14
"176",2,66.3859068820608,47.7718137641215,89.1577206461822,20,4,18
"177",2,61.1414466027004,37.2828932054008,73.4243398081012,18,4,16
"178",2,58.4559346774863,31.9118693549726,65.3678040324588,17,4,15
"179",2,64.7991456529779,44.5982913059558,84.3974369589337,19,4,17
"180",2,62.7441118740604,40.4882237481208,78.2323356221812,19,4,17
"181",2,62.1275654688599,39.2551309377198,76.3826964065797,18,4,16
"182",2,63.2175001756409,41.4350003512817,79.6525005269226,19,4,17
"183",2,53.1984692824824,21.3969385649649,60,15,4,13
"184",2,59.007469467984,33.0149389359681,67.0224084039521,17,4,15
"185",2,63.0965133843769,41.1930267687538,79.2895401531307,19,4,17
"186",1,70.3410480251842,55.6820960503683,100,22,4,20
"187",1,58.4735762290138,31.9471524580275,65.4207286870412,17,2,15
"188",1,61.4062280611493,37.8124561222986,74.2186841834479,18,4,16
"189",1,63.4565866835295,41.913173367059,80.3697600505885,19,3,17
"190",2,60.2318071907166,35.4636143814332,70.6954215721498,18,4,16
"191",2,60.5651468081298,36.1302936162596,71.6954404243894,18,4,16
"192",2,64.9766593714457,44.9533187428913,84.929978114337,19,4,17
"193",2,56.5942431933918,28.1884863867835,60,16,4,14
"194",2,53.6147137665616,22.2294275331231,60,15,4,13
"195",1,52.6565112508446,20.3130225016892,60,15,3,13
"196",2,58.4326296673207,31.8652593346413,65.297889001962,17,4,15
"197",2,51.4817025366834,17.9634050733669,60,14,4,12
"198",2,53.2474267193115,21.4948534386229,60,15,4,13
"199",1,54.4895316139542,23.9790632279084,60,15,2,13
"200",1,54.5022849273533,24.0045698547065,60,15,3,13
"201",2,66.0775688809783,47.1551377619565,88.2327066429348,20,4,18
"202",2,61.6543824255207,38.3087648510414,74.9631472765621,18,4,16
"203",1,66.9513755963734,48.9027511927468,90.8541267891202,20,4,18
"204",1,64.3602349251056,43.7204698502111,83.0807047753167,19,3,17
"205",2,54.5959148866987,24.1918297733973,60,15,4,13
"206",1,62.4791079572327,39.9582159144653,77.437323871698,18,4,16
"207",1,65.2631377810816,45.5262755621631,85.7894133432447,20,3,18
"208",1,53.6267502492436,22.2535004984872,60,15,1,13
"209",2,59.0316663578831,33.0633327157662,67.0949990736493,17,4,15
"210",1,53.5245817872332,22.0491635744663,60,15,2,13
"211",1,60.7094014233932,36.4188028467865,72.1282042701797,18,3,16
"212",1,66.3085752599331,47.6171505198662,88.9257257797993,20,4,18
"213",1,57.8424983596518,30.6849967193035,63.5274950789553,17,3,15
"214",2,50.8864370524909,16.7728741049818,60,14,4,12
"215",2,61.7627197937655,38.5254395875311,75.2881593812967,18,4,16
"216",1,53.2577427926311,21.5154855852622,60,15,3,13
"217",1,63.5384415895371,42.0768831790743,80.6153247686114,19,3,17
"218",2,57.9455453160061,30.8910906320122,63.8366359480183,17,4,15
"219",1,57.7697741003888,30.5395482007775,63.3093223011663,17,2,15
"220",2,54.7942184916563,24.5884369833125,60,15,4,13
"221",2,58.3538764192299,31.7077528384599,65.0616292576898,17,4,15
"222",1,58.5858918793382,32.1717837586765,65.7576756380147,17,4,15
"223",1,62.1621456274768,39.3242912549535,76.4864368824303,18,2,16
"224",1,58.4619645246829,31.9239290493658,65.3858935740488,17,3,15
"225",2,59.7168184605534,34.4336369211068,69.1504553816602,17,4,15
"226",2,63.6675771010014,42.3351542020027,81.0027313030041,19,4,17
"227",2,60.4865580983259,35.9731161966518,71.4596742949778,18,4,16
"228",1,68.1544586829408,51.3089173658816,94.4633760488225,21,3,19
"229",1,62.803053495011,40.606106990022,78.4091604850331,19,3,17
"230",2,66.6478238222608,48.2956476445216,89.9434714667824,20,4,18
"231",2,58.6058825218277,32.2117650436554,65.8176475654831,17,4,15
"232",2,53.6663422792954,22.3326845585908,60,15,4,13
"233",1,58.7542580297987,32.5085160595973,66.262774089396,17,2,15
"234",2,60.089942072844,35.179884145688,70.269826218532,18,4,16
"235",1,61.8853636355516,38.7707272711033,75.6560909066549,18,3,16
"236",2,63.9800427876372,42.9600855752744,81.9401283629116,19,4,17
"237",1,55.7966129145072,26.5932258290143,60,16,2,14
"238",2,48.9726412458689,12.9452824917379,60,13,4,11
"239",1,54.3597200446875,23.7194400893751,60,15,3,13
"240",1,53.2934502059878,21.5869004119755,60,15,3,13
"241",2,68.0255702144048,51.0511404288097,94.0767106432145,21,4,19
"242",2,63.7221186424427,42.4442372848854,81.1663559273281,19,4,17
"243",2,64.3104110297669,43.6208220595338,82.9312330893007,19,4,17
"244",2,61.975779077381,38.951558154762,75.9273372321431,18,4,16
"245",2,62.5455934816516,40.0911869633033,77.6367804449549,19,4,17
"246",1,59.3872493708468,33.7744987416937,68.1617481125405,17,3,15
"247",2,60.4629232358914,35.9258464717828,71.3887697076742,18,4,16
"248",1,58.2106004283319,31.4212008566637,64.6318012849956,17,2,15
"249",1,58.2017238782649,31.4034477565299,64.6051716347948,17,3,15
"250",1,65.1428536044214,45.2857072088428,85.4285608132642,20,3,18
"251",2,65.3894629622549,45.7789259245098,86.1683888867647,20,4,18
"252",1,64.6589060761625,44.317812152325,83.9767182284876,19,2,17
"253",2,52.696030665112,20.392061330224,60,15,4,13
"254",2,55.4696221187533,25.9392442375066,60,16,4,14
"255",2,56.5982608430379,28.1965216860759,60,16,4,14
"256",1,65.3158301839452,45.6316603678904,85.9474905518356,20,3,18
"257",2,56.5379342393692,28.0758684787385,60,16,4,14
"258",2,54.3318586735455,23.663717347091,60,15,4,13
"259",2,54.5269228310139,24.0538456620278,60,15,4,13
"260",1,54.9354819058163,24.8709638116327,60,15,3,13
"261",1,62.0513866294294,39.1027732588589,76.1541598882883,18,2,16
"262",2,62.388702209634,39.7774044192679,77.1661066289019,18,4,16
"263",1,48.3506022746673,11.7012045493346,60,13,3,11
"264",2,60.0812773258837,35.1625546517674,70.2438319776511,18,4,16
"265",2,64.9017676157324,44.8035352314648,84.7053028471972,19,4,17
"266",2,64.0317413240868,43.0634826481736,82.0952239722604,19,4,17
"267",2,60.5980044444565,36.196008888913,71.7940133333694,18,4,16
"268",2,47.8169219784121,10.6338439568242,60,13,4,11
"269",2,60.1551123806119,35.3102247612239,70.4653371418358,18,4,16
"270",1,58.3212665100008,31.6425330200016,64.9637995300024,17,2,15
"271",2,58.6811191903812,32.3622383807624,66.0433575711437,17,4,15
"272",1,58.220737695599,31.441475391198,64.662213086797,17,1,15
"273",1,57.5942260085491,30.1884520170982,62.7826780256473,17,4,15
"274",2,61.1136773390894,37.2273546781787,73.3410320172681,18,4,16
"275",1,72.1495515934869,59.2991031869739,100,22,3,20
"276",1,67.4814905936711,49.9629811873421,92.4444717810132,20,1,18
"277",1,56.4139589862046,27.8279179724091,60,16,3,14
"278",1,57.6647304990618,30.3294609981237,62.9941914971856,17,3,15
"279",1,63.314617264297,41.6292345285941,79.9438517928911,19,3,17
"280",2,71.500884454733,58.001768909466,100,22,4,20
"281",2,61.6375507060829,38.2751014121659,74.9126521182488,18,4,16
"282",1,60.3193174080846,35.6386348161691,70.9579522242537,18,1,16
"283",2,54.3021953001617,23.6043906003233,60,15,4,13
"284",1,65.9020510181018,46.8041020362035,87.7061530543053,20,2,18
"285",2,60.2069423851657,35.4138847703315,70.6208271554972,18,4,16
"286",1,53.9320321830765,22.864064366153,60,15,1,13
"287",1,60.3659788831391,35.7319577662781,71.0979366494172,18,2,16
"288",2,58.7133770282723,32.4267540565446,66.1401310848169,17,4,15
"289",1,61.3340320547107,37.6680641094213,74.002096164132,18,4,16
"290",1,66.9386216285821,48.8772432571642,90.8158648857463,20,2,18
"291",1,60.9653981751197,36.9307963502394,72.8961945253591,18,2,16
"292",1,62.9615831130021,40.9231662260043,78.8847493390064,19,1,17
"293",1,55.8501273654211,26.7002547308422,60,16,3,14
"294",1,61.9628664082124,38.9257328164249,75.8885992246373,18,1,16
"295",2,61.924338053404,38.8486761068081,75.7730141602121,18,4,16
"296",2,65.2552233286282,45.5104466572565,85.7656699858847,20,4,18
"297",1,65.7789874229188,46.5579748458375,87.3369622687563,20,2,18
"298",2,54.8278102052898,24.6556204105797,60,15,4,13
"299",2,58.7276596709786,32.4553193419573,66.1829790129359,17,4,15
"300",2,66.3684213304238,47.7368426608477,89.1052639912715,20,4,18
"301",2,67.512723194907,50.0254463898139,92.5381695847209,21,4,19
"302",2,62.9520473357332,40.9040946714664,78.8561420071996,19,4,17
"303",2,56.8465727430828,28.6931454861655,60.5397182292483,16,4,14
"304",2,63.9617476864714,42.9234953729427,81.8852430594141,19,4,17
"305",1,60.6269228506154,36.2538457012308,71.8807685518462,18,2,16
"306",1,61.6137748562401,38.2275497124803,74.8413245687205,18,3,16
"307",2,57.772083952737,30.5441679054741,63.3162518582111,17,4,15
"308",2,63.8342196723069,42.6684393446138,81.5026590169206,19,4,17
"309",2,52.9824848908614,20.9649697817228,60,15,4,13
"310",1,54.1197661019429,23.2395322038859,60,15,3,13
"311",2,62.557982345924,40.115964691848,77.673947037772,19,4,17
"312",2,66.5838263188915,48.167652637783,89.7514789566744,20,4,18
"313",1,71.9645647354778,58.9291294709557,100,22,3,20
"314",2,59.661152957538,34.322305915076,68.983458872614,17,4,15
"315",1,58.9810746677364,32.9621493354728,66.9432240032092,17,2,15
"316",2,69.9821722608485,54.9643445216969,99.9465167825454,21,4,19
"317",2,67.716088971705,50.4321779434101,93.1482669151151,21,4,19
"318",2,53.8583118686909,22.7166237373818,60,15,4,13
"319",2,73.2224399611239,61.4448799222478,100,23,4,20
"320",2,63.7850685413718,42.5701370827437,81.3552056241155,19,4,17
"321",1,65.2767259607647,45.5534519215293,85.830177882294,20,3,18
"322",2,64.7897244765291,44.5794489530581,84.3691734295872,19,4,17
"323",2,64.1693952882133,43.3387905764265,82.5081858646398,19,4,17
"324",1,59.1536221499068,33.3072442998136,67.4608664497205,17,1,15
"325",1,57.9778317846078,30.9556635692156,63.9334953538234,17,4,15
"326",2,61.4780078685146,37.9560157370291,74.4340236055437,18,4,16
"327",2,58.8406274638257,32.6812549276514,66.521882391477,17,4,15
"328",2,57.759608841868,30.5192176837361,63.2788265256041,17,4,15
"329",2,60.111553982862,35.2231079657239,70.3346619485859,18,4,16
"330",1,60.2223364861806,35.4446729723613,70.6670094585419,18,1,16
"331",2,62.4036058264532,39.8072116529064,77.2108174793595,18,4,16
"332",2,63.1780992758479,41.3561985516957,79.5342978275436,19,4,17
"333",1,49.9962880346175,14.992576069235,60,13,3,11
"334",2,56.5467224811852,28.0934449623704,60,16,4,14
"335",2,59.3467740534674,33.6935481069348,68.0403221604022,17,4,15
"336",1,58.2787410848818,31.5574821697636,64.8362232546454,17,3,15
"337",2,59.7379358801744,34.4758717603487,69.2138076405231,17,4,15
"338",1,60.4806196027456,35.9612392054912,71.4418588082369,18,3,16
"339",2,61.3320352661606,37.6640705323213,73.9961057984819,18,4,16
"340",1,62.7739673763937,40.5479347527874,78.3219021291812,19,2,17
"341",2,66.1772293927425,47.3544587854851,88.5316881782277,20,4,18
"342",1,61.4256669065345,37.8513338130689,74.2770007196034,18,3,16
"343",2,57.7060353611356,30.4120707222712,63.1181060834068,17,4,15
"344",2,63.1173901093118,41.2347802186237,79.3521703279355,19,4,17
"345",2,56.3800245417981,27.7600490835962,60,16,4,14
"346",2,68.0970935174286,51.1941870348572,94.2912805522857,21,4,19
"347",1,56.9166329489153,28.8332658978306,60.7498988467458,16,2,14
"348",1,61.9227052872344,38.8454105744688,75.7681158617032,18,3,16
"349",2,70.5726065640022,56.1452131280045,100,22,4,20
"350",1,54.8571631685606,24.7143263371212,60,15,3,13
"351",1,55.5660601716607,26.1321203433214,60,16,2,14
"352",1,66.3557300066552,47.7114600133104,89.0671900199655,20,1,18
"353",2,51.9745727936008,18.9491455872016,60,14,4,12
"354",1,65.6113669146659,46.2227338293318,86.8341007439977,20,4,18
"355",2,70.7921932088452,56.5843864176903,100,22,4,20
"356",2,62.1412330651132,39.2824661302264,76.4236991953395,18,4,16
"357",1,66.0058934522985,47.011786904597,88.0176803568955,20,3,18
"358",1,65.1584505807592,45.3169011615184,85.4753517422775,20,3,18
"359",1,63.2693712635513,41.5387425271026,79.8081137906539,19,3,17
"360",1,70.0604088658978,55.1208177317955,100,22,3,20
"361",1,65.4731492091678,45.9462984183357,86.4194476275035,20,4,18
"362",2,63.63204677041,42.2640935408199,80.8961403112299,19,4,17
"363",1,53.0017143170841,21.0034286341681,60,15,3,13
"364",2,53.561024183546,22.122048367092,60,15,4,13
"365",2,55.1579226123702,25.3158452247404,60,16,4,14
"366",1,51.316571211408,17.633142422816,60,14,4,12
"367",2,64.1584867903677,43.3169735807354,82.4754603711032,19,4,17
"368",2,56.2052344571747,27.4104689143494,60,16,4,14
"369",1,70.7753850053348,56.5507700106696,100,22,3,20
"370",1,57.8837055988249,30.7674111976498,63.6511167964747,17,1,15
"371",1,59.9717503166235,34.943500633247,69.9152509498705,17,1,15
"372",2,62.0018086430576,39.0036172861152,76.0054259291728,18,4,16
"373",2,58.1716109897816,31.3432219795631,64.5148329693447,17,4,15
"374",2,57.8542808238735,30.708561647747,63.5628424716205,17,4,15
"375",1,61.2234856339865,37.446971267973,73.6704569019596,18,4,16
"376",2,71.0988812436757,57.1977624873515,100,22,4,20
"377",1,61.5713490395704,38.1426980791408,74.7140471187111,18,3,16
"378",2,57.1810746274184,29.3621492548368,61.5432238822552,16,4,14
"379",2,52.5715192084058,20.1430384168117,60,15,4,13
"380",2,62.0764929654691,39.1529859309381,76.2294788964072,18,4,16
"381",2,57.3596815866071,29.7193631732141,62.0790447598212,16,4,14
"382",2,58.2476469127451,31.4952938254903,64.7429407382354,17,4,15
"383",1,63.6531096864811,42.3062193729622,80.9593290594433,19,3,17
"384",1,57.2168791746009,29.4337583492018,61.6506375238027,16,3,14
"385",2,52.7511973191701,20.5023946383401,60,15,4,13
"386",2,54.7400178594376,24.4800357188752,60,15,4,13
"387",2,56.5858069060747,28.1716138121495,60,16,4,14
"388",2,56.9352941071204,28.8705882142408,60.8058823213612,16,4,14
"389",2,69.4539001752727,53.9078003505454,98.361700525818,21,4,19
"390",2,59.272947332029,33.545894664058,67.818841996087,17,4,15
"391",2,56.802881397057,28.605762794114,60.408644191171,16,4,14
"392",1,57.9441197738916,30.8882395477831,63.8323593216747,17,4,15
"393",2,61.7139593921603,38.4279187843207,75.141878176481,18,4,16
"394",1,54.3337662268578,23.6675324537157,60,15,4,13
"395",2,60.3303515125959,35.6607030251918,70.9910545377877,18,4,16
"396",1,60.1899988298198,35.3799976596396,70.5699964894594,18,3,16
"397",2,64.6053237377222,44.2106474754445,83.8159712131667,19,4,17
"398",1,70.6748281922924,56.3496563845849,100,22,4,20
"399",2,57.000865342219,29.0017306844381,61.0025960266571,16,4,14
"400",1,66.2222322931823,47.4444645863646,88.6666968795469,20,2,18
"401",1,59.6027149143977,34.2054298287955,68.8081447431932,17,2,15
"402",1,65.9087577490781,46.8175154981561,87.7262732472342,20,4,18
"403",1,70.9307203133804,56.8614406267608,100,22,4,20
"404",1,62.0308746535268,39.0617493070536,76.0926239605804,18,3,16
"405",1,56.3082044770757,27.6164089541514,60,16,2,14
"406",2,50.2175664854054,15.4351329708109,60,14,4,12
"407",1,50.2497714920072,15.4995429840145,60,14,3,12
"408",2,55.295010921537,25.590021843074,60,16,4,14
"409",2,65.9889338431347,46.9778676862693,87.966801529404,20,4,18
"410",2,56.8788030482086,28.7576060964171,60.6364091446257,16,4,14
"411",1,59.3356517244895,33.6713034489791,68.0069551734686,17,4,15
"412",1,59.9138953890435,34.8277907780869,69.7416861671304,17,4,15
"413",1,57.7018535891047,30.4037071782094,63.1055607673141,17,2,15
"414",2,67.3646839526344,49.7293679052688,92.0940518579031,20,4,18
"415",2,70.8465980630797,56.6931961261593,100,22,4,20
"416",2,44.9928434684284,4.98568693685674,60,11,4,9
"417",2,51.1400720847415,17.280144169483,60,14,4,12
"418",2,58.1758038858211,31.3516077716422,64.5274116574633,17,4,15
"419",2,61.8726689034455,38.7453378068909,75.6180067103364,18,4,16
"420",2,53.8296103666445,22.659220733289,60,15,4,13
"421",2,62.3744671097954,39.7489342195909,77.1234013293863,18,4,16
"422",1,66.1652872852832,47.3305745705665,88.4958618558497,20,4,18
"423",1,57.0343567160076,29.0687134320151,61.1030701480227,16,2,14
"424",1,63.7613121966376,42.5226243932752,81.2839365899128,19,2,17
"425",2,63.0602275344339,41.1204550688678,79.1806826033017,19,4,17
"426",1,58.8567131736281,32.7134263472561,66.5701395208842,17,1,15
"427",2,56.4758032505031,27.9516065010062,60,16,4,14
"428",1,66.147580236032,47.2951604720639,88.4427407080959,20,1,18
"429",1,67.5925756493359,50.1851512986719,92.7777269480078,21,4,19
"430",1,66.725470901997,48.4509418039941,90.1764127059911,20,4,18
"431",2,59.3815423553478,33.7630847106957,68.1446270660435,17,4,15
"432",2,64.6695122677501,44.3390245355002,84.0085368032503,19,4,17
"433",1,60.0974842281011,35.1949684562022,70.2924526843033,18,3,16
"434",2,64.1542605487149,43.3085210974297,82.4627816461446,19,4,17
"435",2,58.4775266600197,31.9550533200393,65.432579980059,17,4,15
"436",2,59.7035936144821,34.4071872289641,69.1107808434462,17,4,15
"437",2,65.0369834868941,45.0739669737882,85.1109504606823,20,4,18
"438",2,53.1110245698854,21.2220491397708,60,15,4,13
"439",2,54.9789863651535,24.957972730307,60,15,4,13
"440",1,59.8835984754248,34.7671969508496,69.6507954262744,17,2,15
"441",2,67.7337363689416,50.4674727378832,93.2012091068247,21,4,19
"442",1,56.2031837448934,27.4063674897868,60,16,1,14
"443",2,65.033963287277,45.067926574554,85.1018898618311,20,4,18
"444",2,61.3710745817414,37.7421491634829,74.1132237452243,18,4,16
"445",1,59.5980881771996,34.1961763543992,68.7942645315987,17,4,15
"446",2,55.4822375233659,25.9644750467318,60,16,4,14
"447",2,62.3657255148598,39.7314510297196,77.0971765445794,18,4,16
"448",1,66.9424448895298,48.8848897790595,90.8273346685893,20,2,18
"449",2,60.1737304688209,35.3474609376417,70.5211914064626,18,4,16
"450",2,53.5370748596037,22.0741497192075,60,15,4,13
"451",1,65.8198375245391,46.6396750490781,87.4595125736172,20,3,18
"452",1,52.383077014658,19.7661540293161,60,14,2,12
"453",2,47.4083247319388,9.81664946387767,60,12,4,10
"454",2,56.4623538471681,27.9247076943363,60,16,4,14
"455",1,58.5628355864544,32.1256711729089,65.6885067593633,17,2,15
"456",2,57.8234584426154,30.6469168852309,63.4703753278463,17,4,15
"457",1,58.2846061462835,31.569212292567,64.8538184388505,17,3,15
"458",2,59.8034455799505,34.606891159901,69.4103367398514,17,4,15
"459",1,64.434829938619,43.8696598772379,83.3044898158569,19,2,17
"460",2,58.2002579959205,31.4005159918411,64.6007739877616,17,4,15
"461",2,56.355228646843,27.7104572936861,60,16,4,14
"462",2,68.7587280963594,52.5174561927189,96.2761842890783,21,4,19
"463",2,59.5698070488395,34.1396140976789,68.7094211465184,17,4,15
"464",2,65.5318150793807,46.0636301587614,86.595445238142,20,4,18
"465",2,59.9041108138022,34.8082216276043,69.7123324414065,17,4,15
"466",2,52.5326991077049,20.0653982154097,60,15,4,13
"467",2,73.5031831153466,62.0063662306933,100,23,4,20
"468",1,56.2815278887828,27.5630557775656,60,16,1,14
"469",1,65.3259749046842,45.6519498093684,85.9779247140526,20,4,18
"470",2,59.8395913416752,34.6791826833504,69.5187740250257,17,4,15
"471",1,57.300201553304,29.6004031066081,61.9006046599121,16,3,14
"472",1,50.3717821622306,15.7435643244612,60,14,2,12
"473",2,65.0391568807954,45.0783137615909,85.1174706423864,20,4,18
"474",2,58.6038260161662,32.2076520323324,65.8114780484986,17,4,15
"475",2,53.752170723577,22.504341447154,60,15,4,13
"476",1,66.2424556393253,47.4849112786506,88.727366917976,20,4,18
"477",2,59.0389331171707,33.0778662343413,67.116799351512,17,4,15
"478",2,64.5598811554372,44.1197623108744,83.6796434663115,19,4,17
"479",2,49.2086515998687,13.4173031997374,60,13,4,11
"480",2,66.4480526616643,47.8961053233286,89.3441579849928,20,4,18
"481",1,57.8594501722309,30.7189003444617,63.5783505166926,17,2,15
"482",2,58.7249855351353,32.4499710702705,66.1749566054058,17,4,15
"483",1,66.6357911940187,48.2715823880373,89.9073735820559,20,3,18
"484",2,64.1934506030501,43.3869012061001,82.5803518091502,19,4,17
"485",1,52.674996614134,20.3499932282681,60,15,3,13
"486",1,56.9187365106365,28.837473021273,60.7562095319094,16,2,14
"487",1,60.5305291970321,36.0610583940642,71.5915875910964,18,4,16
"488",1,50.7799162113642,16.5598324227285,60,14,4,12
"489",1,51.9178857314215,18.8357714628431,60,14,4,12
"490",2,61.1383835206815,37.276767041363,73.4151505620445,18,4,16
"491",2,64.6060835096941,44.2121670193883,83.8182505290824,19,4,17
"492",2,58.343982802505,31.68796560501,65.031948407515,17,4,15
"493",2,66.4361701549446,47.8723403098892,89.3085104648339,20,4,18
"494",2,60.286304012255,35.5726080245101,70.8589120367651,18,4,16
"495",2,48.9803343741654,12.9606687483308,60,13,4,11
"496",2,57.3854482586722,29.7708965173444,62.1563447760165,16,4,14
"497",2,65.4039265506025,45.807853101205,86.2117796518075,20,4,18
"498",2,58.7842933119217,32.5685866238435,66.3528799357652,17,4,15
"499",1,55.4527671887345,25.905534377469,60,16,3,14
"500",2,55.6585024631201,26.3170049262401,60,16,4,14
"501",1,64.3473752245385,43.694750449077,83.0421256736155,19,2,17
"502",1,56.599952010931,28.199904021862,60,16,1,14
"503",1,60.8660726935426,36.7321453870851,72.5982180806277,18,3,16
"504",2,59.2028098046226,33.4056196092451,67.6084294138677,17,4,15
"505",2,63.9674971632164,42.9349943264328,81.9024914896492,19,4,17
"506",2,68.471752457138,51.9435049142761,95.4152573714141,21,4,19
"507",2,66.1998434317502,47.3996868635003,88.5995302952505,20,4,18
"508",2,60.1471837157389,35.2943674314777,70.4415511472166,18,4,16
"509",2,68.2860724952396,51.5721449904792,94.8582174857188,21,4,19
"510",1,65.6561157009343,46.3122314018687,86.968347102803,20,2,18
"511",1,52.9879468393708,20.9758936787416,60,15,2,13
"512",1,60.7838523055646,36.5677046111293,72.3515569166939,18,3,16
"513",2,64.3375429821569,43.6750859643138,83.0126289464707,19,4,17
"514",2,59.8338242144913,34.6676484289826,69.5014726434738,17,4,15
"515",2,64.7703227816301,44.5406455632601,84.3109683448902,19,4,17
"516",1,65.6504836258507,46.3009672517014,86.9514508775521,20,2,18
"517",2,61.9684865604149,38.9369731208299,75.9054596812448,18,4,16
"518",2,61.8840416398355,38.768083279671,75.6521249195065,18,4,16
"519",2,58.7412854647568,32.4825709295136,66.2238563942703,17,4,15
"520",1,62.5204744541339,40.0409489082678,77.5614233624018,19,4,17
"521",1,53.3509826432585,21.701965286517,60,15,4,13
"522",1,59.4085027374262,33.8170054748523,68.2255082122785,17,1,15
"523",1,56.8337576669558,28.6675153339115,60.5012730008673,16,4,14
"524",1,63.3884567235847,41.7769134471694,80.1653701707542,19,1,17
"525",2,58.5105911761285,32.021182352257,65.5317735283855,17,4,15
"526",1,63.1396112356365,41.279222471273,79.4188337069095,19,4,17
"527",2,68.3921536399576,51.7843072799152,95.1764609198729,21,4,19
"528",1,47.9999872968535,10.9999745937071,60,13,4,11
"529",1,53.250785574643,21.501571149286,60,15,3,13
"530",1,66.0100394789337,47.0200789578675,88.0301184368012,20,1,18
"531",1,66.4692135968683,47.9384271937366,89.4076407906049,20,3,18
"532",1,59.7020282690877,34.4040565381755,69.1060848072632,17,1,15
"533",2,56.5746882741384,28.1493765482768,60,16,4,14
"534",1,52.7328034780422,20.4656069560844,60,15,3,13
"535",2,66.4706328060264,47.9412656120527,89.4118984180791,20,4,18
"536",1,65.88084544676,46.76169089352,87.64253634028,20,3,18
"537",2,64.3202253908799,43.6404507817599,82.9606761726398,19,4,17
"538",2,48.5163373826966,12.0326747653932,60,13,4,11
"539",2,53.0409499403388,21.0818998806775,60,15,4,13
"540",1,53.0706162748922,21.1412325497843,60,15,1,13
"541",2,54.6347657804227,24.2695315608454,60,15,4,13
"542",2,55.2928724840183,25.5857449680366,60,16,4,14
"543",2,57.0678284513891,29.1356569027782,61.2034853541672,16,4,14
"544",2,65.1736061002739,45.3472122005478,85.5208183008218,20,4,18
"545",2,62.2948110334739,39.5896220669478,76.8844331004217,18,4,16
"546",2,54.03277464001,23.06554928002,60,15,4,13
"547",2,63.959446358358,42.918892716716,81.8783390750741,19,4,17
"548",1,51.1384754460024,17.2769508920048,60,14,3,12
"549",1,57.0613878900045,29.1227757800091,61.1841636700136,16,1,14
"550",2,53.5881484372295,22.1762968744589,60,15,4,13
"551",1,58.4393266950996,31.8786533901992,65.3179800852988,17,2,15
"552",2,56.5061234968764,28.0122469937528,60,16,4,14
"553",2,46.780751161455,8.56150232290993,60,12,4,10
"554",2,64.125111883996,43.250223767992,82.375335651988,19,4,17
"555",2,61.5346315660521,38.0692631321041,74.6038946981562,18,4,16
"556",2,59.7098027091454,34.4196054182908,69.1294081274362,17,4,15
"557",1,64.632847054172,44.2656941083441,83.8985411625161,19,3,17
"558",1,58.906540697131,32.813081394262,66.719622091393,17,3,15
"559",1,64.9656674871002,44.9313349742004,84.8970024613006,19,1,17
"560",1,50.3833282875981,15.7666565751963,60,14,3,12
"561",1,54.7364240776367,24.4728481552733,60,15,4,13
"562",2,64.45198880963,43.9039776192599,83.3559664288899,19,4,17
"563",2,77.7057013881288,70.4114027762577,100,25,4,20
"564",2,63.7075537134394,42.4151074268787,81.1226611403181,19,4,17
"565",2,58.9626437295039,32.9252874590078,66.8879311885117,17,4,15
"566",2,60.8996922709585,36.7993845419171,72.6990768128756,18,4,16
"567",1,67.1318242470474,49.2636484940947,91.3954727411421,20,2,18
"568",2,57.7841660525869,30.5683321051738,63.3524981577607,17,4,15
"569",2,61.8359499332591,38.6718998665182,75.5078497997772,18,4,16
"570",1,63.4791084805533,41.9582169611066,80.4373254416599,19,4,17
"571",2,64.6672236430589,44.3344472861178,84.0016709291768,19,4,17
"572",2,67.4594454127991,49.9188908255981,92.3783362383972,20,4,18
"573",2,65.7976149511665,46.595229902333,87.3928448534996,20,4,18
"574",2,61.1339797845456,37.2679595690912,73.4019393536368,18,4,16
"575",2,53.5226740762991,22.0453481525982,60,15,4,13
"576",1,59.6861065415404,34.3722130830809,69.0583196246213,17,3,15
"577",1,64.9664146843685,44.9328293687371,84.8992440531056,19,4,17
"578",2,54.9703453002265,24.9406906004529,60,15,4,13
"579",1,56.2450752620095,27.490150524019,60,16,2,14
"580",1,68.7200819117584,52.4401638235168,96.1602457352752,21,1,19
"581",2,54.0619995427131,23.1239990854262,60,15,4,13
"582",2,57.9151479114016,30.8302958228032,63.7454437342047,17,4,15
"583",1,52.1508992031779,19.3017984063559,60,14,3,12
"584",2,58.5976298237332,32.1952596474664,65.7928894711996,17,4,15
"585",2,57.0733651805729,29.1467303611458,61.2200955417187,16,4,14
"586",2,63.3015959878167,41.6031919756334,79.9047879634501,19,4,17
"587",1,56.8124372550772,28.6248745101543,60.4373117652315,16,4,14
"588",1,57.3048918339436,29.6097836678872,61.9146755018308,16,1,14
"589",1,64.7576011677715,44.515202335543,84.2728035033145,19,4,17
"590",1,59.4721007707636,33.9442015415272,68.4163023122908,17,2,15
"591",1,58.1296536361541,31.2593072723081,64.3889609084622,17,2,15
"592",1,59.1188370958804,33.2376741917609,67.3565112876413,17,3,15
"593",1,61.3824165396046,37.7648330792093,74.1472496188139,18,2,16
"594",2,61.181662963306,37.3633259266121,73.5449888899181,18,4,16
"595",2,70.3083707971868,55.6167415943736,100,22,4,20
"596",1,53.5497000708237,22.0994001416473,60,15,2,13
"597",2,62.8559472373705,40.7118944747409,78.5678417121114,19,4,17
"598",2,68.9269511335439,52.8539022670878,96.7808534006317,21,4,19
"599",1,61.0647012154605,37.1294024309211,73.1941036463816,18,2,16
"600",1,64.4234607302534,43.8469214605068,83.2703821907602,19,4,17
"601",1,55.4901486779462,25.9802973558923,60,16,2,14
"602",1,59.7262502097525,34.4525004195051,69.1787506292576,17,3,15
"603",1,53.2162264445012,21.4324528890024,60,15,3,13
"604",2,61.5861528856287,38.1723057712575,74.7584586568862,18,4,16
"605",2,66.9785955965493,48.9571911930986,90.9357867896478,20,4,18
"606",2,53.94388091602,22.8877618320399,60,15,4,13
"607",1,58.9792916960129,32.9585833920258,66.9378750880387,17,3,15
"608",2,52.2377433696031,19.4754867392061,60,14,4,12
"609",2,62.5902483430746,40.1804966861493,77.7707450292239,19,4,17
"610",1,57.9057984838081,30.8115969676162,63.7173954514243,17,4,15
"611",1,51.452733921604,17.9054678432079,60,14,4,12
"612",1,72.4158133568561,59.8316267137122,100,22,3,20
"613",2,62.490168675332,39.9803373506641,77.4705060259961,18,4,16
"614",2,56.6306589740083,28.2613179480167,60,16,4,14
"615",1,55.5650930219433,26.1301860438866,60,16,3,14
"616",2,51.343113245695,17.6862264913901,60,14,4,12
"617",2,63.0227456068214,41.0454912136428,79.0682368204642,19,4,17
"618",1,55.6436246088548,26.2872492177097,60,16,3,14
"619",2,63.6267082318636,42.2534164637273,80.8801246955909,19,4,17
"620",2,59.8463400993604,34.6926801987209,69.5390202980813,17,4,15
"621",1,59.4138881284293,33.8277762568585,68.2416643852878,17,4,15
"622",2,60.4911146929222,35.9822293858443,71.4733440787665,18,4,16
"623",1,56.6157138907774,28.2314277815547,60,16,2,14
"624",2,59.7537682253593,34.5075364507186,69.261304676078,17,4,15
"625",1,57.1964012003249,29.3928024006498,61.5892036009746,16,1,14
"626",2,71.9957743262348,58.9915486524696,100,22,4,20
"627",2,59.5506394920098,34.1012789840196,68.6519184760294,17,4,15
"628",2,55.891757911072,26.7835158221439,60,16,4,14
"629",2,58.5651911920144,32.1303823840288,65.6955735760431,17,4,15
"630",1,60.6563943698538,36.3127887397077,71.9691831095615,18,3,16
"631",1,54.6895802478096,24.3791604956191,60,15,1,13
"632",1,63.6679051786455,42.335810357291,81.0037155359365,19,3,17
"633",1,61.6134609923943,38.2269219847885,74.8403829771828,18,2,16
"634",1,58.2551011432565,31.5102022865129,64.7653034297694,17,3,15
"635",2,66.4176283212336,47.8352566424672,89.2528849637008,20,4,18
"636",1,54.9275597555912,24.8551195111823,60,15,1,13
"637",1,57.4496786294647,29.8993572589293,62.349035888394,16,1,14
"638",2,59.1641512692233,33.3283025384466,67.4924538076698,17,4,15
"639",1,58.4866610719692,31.9733221439384,65.4599832159077,17,3,15
"640",1,70.132352362301,55.264704724602,100,22,1,20
"641",1,64.5045281920502,44.0090563841005,83.5135845761507,19,2,17
"642",2,60.6771452022792,36.3542904045584,72.0314356068376,18,4,16
"643",1,58.9935552290031,32.9871104580062,66.9806656870093,17,3,15
"644",2,55.9658162950343,26.9316325900686,60,16,4,14
"645",1,63.220620618796,41.4412412375921,79.6618618563881,19,3,17
"646",2,58.316704396732,31.6334087934639,64.9501131901959,17,4,15
"647",2,51.3414824437752,17.6829648875503,60,14,4,12
"648",2,61.3096033130448,37.6192066260897,73.9288099391345,18,4,16
"649",2,55.4165120094534,25.8330240189068,60,16,4,14
"650",2,57.1571776242544,29.3143552485088,61.4715328727633,16,4,14
"651",1,55.6708977912321,26.3417955824643,60,16,4,14
"652",2,64.1274695589903,43.2549391179805,82.3824086769708,19,4,17
"653",2,55.9993385789634,26.9986771579267,60,16,4,14
"654",1,64.8791504339219,44.7583008678438,84.6374513017657,19,3,17
"655",2,73.5003776537094,62.0007553074187,100,23,4,20
"656",2,59.3230520155715,33.646104031143,67.9691560467145,17,4,15
"657",2,59.4698441802027,33.9396883604053,68.409532540608,17,4,15
"658",2,53.2796809742732,21.5593619485464,60,15,4,13
"659",2,62.215609143064,39.431218286128,76.6468274291919,18,4,16
"660",1,64.805588708317,44.611177416634,84.416766124951,19,4,17
"661",1,58.7928209167216,32.5856418334431,66.3784627501647,17,4,15
"662",1,60.4147744555414,35.8295489110829,71.2443233666243,18,2,16
"663",1,58.1913762111588,31.3827524223176,64.5741286334763,17,3,15
"664",1,61.6693009990061,38.3386019980123,75.0079029970184,18,4,16
"665",2,61.3280471048526,37.6560942097052,73.9841413145578,18,4,16
"666",2,75.0645287330138,65.1290574660275,100,24,4,20
"667",2,58.2763493115629,31.5526986231257,64.8290479346886,17,4,15
"668",2,65.3127872664253,45.6255745328506,85.9383617992759,20,4,18
"669",2,56.3515746297975,27.703149259595,60,16,4,14
"670",1,60.282738604882,35.5654772097641,70.8482158146461,18,3,16
"671",2,62.3391485596003,39.6782971192005,77.0174456788008,18,4,16
"672",2,58.1367737472434,31.2735474944868,64.4103212417303,17,4,15
"673",2,61.0508084384665,37.1016168769331,73.1524253153996,18,4,16
"674",2,66.4480415283812,47.8960830567623,89.3441245851435,20,4,18
"675",2,51.8658022506646,18.7316045013292,60,14,4,12
"676",2,56.0823174515831,27.1646349031662,60,16,4,14
"677",1,62.5545655172847,40.1091310345695,77.6636965518542,19,4,17
"678",2,66.0881302796644,47.1762605593289,88.2643908389933,20,4,18
"679",1,61.5255462384417,38.0510924768834,74.5766387153251,18,3,16
"680",2,61.0514681666247,37.1029363332494,73.1544044998741,18,4,16
"681",1,62.3443298275294,39.6886596550588,77.0329894825882,18,2,16
"682",2,50.4782871386878,15.9565742773757,60,14,4,12
"683",1,66.1920114232429,47.3840228464858,88.5760342697288,20,4,18
"684",2,61.9549944572882,38.9099889145765,75.8649833718647,18,4,16
"685",2,59.8440054162657,34.6880108325314,69.5320162487971,17,4,15
"686",2,51.9059973911711,18.8119947823422,60,14,4,12
"687",1,62.2563313906641,39.5126627813282,76.7689941719923,18,3,16
"688",2,56.5457831818847,28.0915663637694,60,16,4,14
"689",2,67.0272281096996,49.0544562193991,91.0816843290987,20,4,18
"690",1,51.4932865608748,17.9865731217496,60,14,3,12
"691",1,60.9612279863857,36.9224559727714,72.8836839591571,18,2,16
"692",1,56.4852161925138,27.9704323850277,60,16,4,14
"693",2,55.957220683256,26.914441366512,60,16,4,14
"694",1,56.809006292373,28.6180125847461,60.4270188771191,16,2,14
"695",1,68.6867271398059,52.3734542796118,96.0601814194177,21,4,19
"696",1,48.6976086842891,12.3952173685782,60,13,3,11
"697",1,51.9376395305677,18.8752790611354,60,14,1,12
"698",2,63.268700994004,41.5374019880081,79.8061029820121,19,4,17
"699",2,64.5144036429651,44.0288072859301,83.5432109288952,19,4,17
"700",2,63.7730424391726,42.5460848783451,81.3191273175177,19,4,17
"701",2,58.8659461561496,32.7318923122993,66.5978384684489,17,4,15
"702",2,56.5201568620419,28.0403137240837,60,16,4,14
"703",1,62.533236786669,40.066473573338,77.5997103600071,19,2,17
"704",2,63.0811714680381,41.1623429360761,79.2435144041142,19,4,17
"705",2,51.6656036274232,18.3312072548464,60,14,4,12
"706",2,58.3187288712867,31.6374577425735,64.9561866138602,17,4,15
"707",1,62.5358992837329,40.0717985674657,77.6076978511986,19,2,17
"708",2,51.5130464924577,18.0260929849155,60,14,4,12
"709",1,58.9653638804863,32.9307277609727,66.896091641459,17,1,15
"710",1,58.0070148591192,31.0140297182384,64.0210445773575,17,2,15
"711",1,54.0569008625955,23.1138017251911,60,15,4,13
"712",2,62.2628270206954,39.5256540413909,76.7884810620863,18,4,16
"713",1,61.0379485196471,37.0758970392942,73.1138455589413,18,2,16
"714",2,53.9493881194079,22.8987762388159,60,15,4,13
"715",1,63.8370752714032,42.6741505428064,81.5112258142096,19,3,17
"716",1,57.0048615437152,29.0097230874304,61.0145846311455,16,3,14
"717",1,52.1951361359717,19.3902722719435,60,14,3,12
"718",1,55.0216797853553,25.0433595707106,60,16,4,14
"719",1,65.4662550419221,45.9325100838442,86.3987651257664,20,1,18
"720",1,64.5857144300369,44.1714288600737,83.7571432901106,19,4,17
"721",1,56.1347532243382,27.2695064486765,60,16,2,14
"722",2,57.620820911771,30.241641823542,62.862462735313,17,4,15
"723",1,54.3464840799008,23.6929681598015,60,15,3,13
"724",1,57.8558228416661,30.7116456833321,63.5674685249982,17,1,15
"725",2,55.8020817506817,26.6041635013634,60,16,4,14
"726",2,56.9950666354803,28.9901332709606,60.9851999064409,16,4,14
"727",2,56.1305461090461,27.2610922180923,60,16,4,14
"728",1,55.5375382441302,26.0750764882604,60,16,4,14
"729",2,59.8213407647114,34.6426815294228,69.4640222941342,17,4,15
"730",2,58.4791094880325,31.9582189760649,65.4373284640974,17,4,15
"731",2,44.9391810822066,4.87836216441311,60,11,4,9
"732",1,49.9573847111913,14.9147694223827,60,13,3,11
"733",1,59.7681429527751,34.5362859055501,69.3044288583252,17,3,15
"734",1,58.2023146774979,31.4046293549959,64.6069440324938,17,2,15
"735",2,59.0248916912618,33.0497833825235,67.0746750737853,17,4,15
"736",1,52.4276493226956,19.8552986453913,60,14,3,12
"737",1,55.5398347643969,26.0796695287938,60,16,1,14
"738",2,55.6864675429297,26.3729350858593,60,16,4,14
"739",2,62.7597707397731,40.5195414795462,78.2793122193193,19,4,17
"740",2,59.0588304334129,33.1176608668258,67.1764913002387,17,4,15
"741",2,58.3742662818523,31.7485325637045,65.1227988455568,17,4,15
"742",2,57.315307754302,29.630615508604,61.9459232629059,16,4,14
"743",1,58.1426129362532,31.2852258725065,64.4278388087597,17,4,15
"744",2,63.6140351182952,42.2280702365904,80.8421053548855,19,4,17
"745",2,66.0284594169658,47.0569188339316,88.0853782508973,20,4,18
"746",2,65.9207656283133,46.8415312566266,87.7622968849399,20,4,18
"747",2,63.3559521770372,41.7119043540744,80.0678565311116,19,4,17
"748",2,65.8775103670924,46.7550207341849,87.6325311012773,20,4,18
"749",2,60.9426323636061,36.8852647272121,72.8278970908182,18,4,16
"750",2,62.4953179842252,39.9906359684503,77.4859539526755,18,4,16
"751",1,50.2619084429401,15.5238168858801,60,14,1,12
"752",1,62.1036862308823,39.2073724617646,76.311058692647,18,1,16
"753",1,65.8673812488955,46.7347624977911,87.6021437466866,20,4,18
"754",2,52.7688422150238,20.5376844300475,60,15,4,13
"755",2,58.1662439702585,31.3324879405169,64.4987319107754,17,4,15
"756",1,56.9610188256107,28.9220376512214,60.8830564768322,16,3,14
"757",2,61.5993568869039,38.1987137738078,74.7980706607117,18,4,16
"758",2,65.49923836103,45.9984767220601,86.4977150830901,20,4,18
"759",1,57.9698168620457,30.9396337240913,63.909450586137,17,4,15
"760",2,72.0537321341016,59.1074642682032,100,22,4,20
"761",2,65.7944994240417,46.5889988480835,87.3834982721252,20,4,18
"762",2,61.6919479577811,38.3838959155623,75.0758438733434,18,4,16
"763",2,62.2808867196045,39.561773439209,76.8426601588135,18,4,16
"764",1,58.4297766679221,31.8595533358442,65.2893300037662,17,4,15
"765",1,67.0217201009998,49.0434402019996,91.0651603029994,20,3,18
"766",1,57.9486502545756,30.8973005091513,63.8459507637269,17,2,15
"767",2,59.5594874192496,34.1189748384991,68.6784622577487,17,4,15
"768",1,61.6243779735816,38.2487559471631,74.8731339207447,18,1,16
"769",2,65.9254990009625,46.8509980019251,87.7764970028876,20,4,18
"770",2,58.7224571327956,32.4449142655912,66.1673713983867,17,4,15
"771",2,64.4222396044781,43.8444792089563,83.2667188134344,19,4,17
"772",2,57.5571946518676,30.1143893037353,62.6715839556029,17,4,15
"773",2,56.3631191341122,27.7262382682244,60,16,4,14
"774",2,54.0587236354165,23.117447270833,60,15,4,13
"775",2,57.3102879204371,29.6205758408742,61.9308637613114,16,4,14
"776",2,60.5967560865848,36.1935121731696,71.7902682597543,18,4,16
"777",1,66.59089047728,48.1817809545599,89.7726714318399,20,1,18
"778",1,67.2154027882504,49.4308055765009,91.6462083647513,20,2,18
"779",2,61.2451310582262,37.4902621164524,73.7353931746787,18,4,16
"780",2,64.078511634253,43.157023268506,82.235534902759,19,4,17
"781",2,56.3269609681107,27.6539219362214,60,16,4,14
"782",2,61.2907663901109,37.5815327802218,73.8722991703328,18,4,16
"783",2,55.7356961558864,26.4713923117729,60,16,4,14
"784",2,61.0782437927673,37.1564875855347,73.234731378302,18,4,16
"785",1,56.453948939988,27.907897879976,60,16,4,14
"786",1,63.5543276157947,42.1086552315894,80.6629828473841,19,3,17
"787",2,57.7631407061896,30.5262814123793,63.2894221185689,17,4,15
"788",2,58.3085084790325,31.617016958065,64.9255254370975,17,4,15
"789",2,62.5861671107035,40.172334221407,77.7585013321105,19,4,17
"790",2,60.4935179716201,35.9870359432402,71.4805539148604,18,4,16
"791",2,63.7184280791842,42.4368561583684,81.1552842375526,19,4,17
"792",1,58.607249292577,32.2144985851539,65.8217478777309,17,3,15
"793",1,62.6953584030897,40.3907168061795,78.0860752092692,19,3,17
"794",1,59.5583026516498,34.1166053032995,68.6749079549493,17,2,15
"795",1,56.2712124592337,27.5424249184674,60,16,1,14
"796",2,52.199607744493,19.3992154889861,60,14,4,12
"797",2,65.4147826271189,45.8295652542378,86.2443478813568,20,4,18
"798",2,48.2947199871816,11.5894399743632,60,13,4,11
"799",1,61.0315263301601,37.0630526603203,73.0945789904804,18,2,16
"800",1,63.8237128559051,42.6474257118102,81.4711385677153,19,3,17
"801",2,49.3746570947803,13.7493141895606,60,13,4,11
"802",2,62.6058933315158,40.2117866630317,77.8176799945475,19,4,17
"803",1,59.7678855002195,34.5357710004389,69.3036565006584,17,2,15
"804",2,54.2526413951453,23.5052827902907,60,15,4,13
"805",1,63.146691538501,41.293383077002,79.4400746155031,19,1,17
"806",1,56.3676426200417,27.7352852400835,60,16,4,14
"807",1,58.0679133884515,31.1358267769029,64.2037401653544,17,4,15
"808",2,56.6414280505785,28.2828561011569,60,16,4,14
"809",2,64.5019309518428,44.0038619036856,83.5057928555284,19,4,17
"810",2,64.4342084530816,43.8684169061633,83.3026253592449,19,4,17
"811",2,61.9513905594973,38.9027811189946,75.854171678492,18,4,16
"812",2,55.3624425488886,25.7248850977773,60,16,4,14
"813",2,63.729196143903,42.458392287806,81.187588431709,19,4,17
"814",1,62.4741207832132,39.9482415664264,77.4223623496397,18,4,16
"815",2,59.8903426913847,34.7806853827693,69.671028074154,17,4,15
"816",2,62.9401116313291,40.8802232626581,78.8203348939872,19,4,17
"817",1,63.7824553700119,42.5649107400237,81.3473661100356,19,2,17
"818",1,57.5298686369065,30.059737273813,62.5896059107195,17,3,15
"819",2,56.3334218569327,27.6668437138653,60,16,4,14
"820",2,59.994898030061,34.9897960601221,69.9846940901831,17,4,15
"821",2,64.0291284838825,43.0582569677651,82.0873854516476,19,4,17
"822",1,65.5465469093752,46.0930938187503,86.6396407281254,20,2,18
"823",2,58.4516025892023,31.9032051784047,65.354807767607,17,4,15
"824",2,55.4571087593626,25.9142175187253,60,16,4,14
"825",2,61.3151306384334,37.6302612768668,73.9453919153002,18,4,16
"826",2,59.8954109621179,34.7908219242358,69.6862328863537,17,4,15
"827",1,58.9382874617611,32.8765749235222,66.8148623852833,17,2,15
"828",2,54.8444804011251,24.6889608022503,60,15,4,13
"829",1,60.6975536984812,36.3951073969625,72.0926610954437,18,1,16
"830",2,60.8310899230823,36.6621798461647,72.493269769247,18,4,16
"831",2,55.0767017547186,25.1534035094373,60,16,4,14
"832",1,60.1131703538531,35.2263407077062,70.3395110615593,18,4,16
"833",2,63.9266501633048,42.8533003266096,81.7799504899144,19,4,17
"834",2,54.104052378746,23.208104757492,60,15,4,13
"835",2,69.553953887819,54.1079077756379,98.6618616634569,21,4,19
"836",2,57.3099925254021,29.6199850508042,61.9299775762063,16,4,14
"837",1,64.4213821451169,43.8427642902339,83.2641464353508,19,4,17
"838",2,60.7365481835442,36.4730963670884,72.2096445506326,18,4,16
"839",2,54.9578631857155,24.9157263714311,60,15,4,13
"840",2,64.1909449610379,43.3818899220759,82.5728348831138,19,4,17
"841",1,54.1588043129761,23.3176086259521,60,15,4,13
"842",2,62.2715906646,39.5431813292,76.8147719938,18,4,16
"843",1,61.0628643375224,37.1257286750447,73.1885930125671,18,2,16
"844",2,57.2345682628522,29.4691365257044,61.7037047885567,16,4,14
"845",2,60.1171501258983,35.2343002517967,70.351450377695,18,4,16
"846",1,63.240894451957,41.4817889039139,79.7226833558709,19,3,17
"847",1,51.2860263239807,17.5720526479614,60,14,3,12
"848",2,62.9758133045593,40.9516266091186,78.927439913678,19,4,17
"849",1,55.607354935084,26.2147098701681,60,16,3,14
"850",1,63.2221878564605,41.4443757129211,79.6665635693816,19,4,17
"851",2,56.854507486667,28.709014973334,60.5635224600009,16,4,14
"852",2,59.5089990515808,34.0179981031616,68.5269971547424,17,4,15
"853",2,63.4210884958388,41.8421769916776,80.2632654875164,19,4,17
"854",2,53.076569845048,21.1531396900959,60,15,4,13
"855",1,67.7747279299025,50.5494558598051,93.3241837897076,21,2,19
"856",2,55.9282932905772,26.8565865811543,60,16,4,14
"857",1,55.7818445705372,26.5636891410743,60,16,2,14
"858",1,65.1246371293681,45.2492742587361,85.3739113881041,20,4,18
"859",1,60.5785168819808,36.1570337639616,71.7355506459424,18,2,16
"860",2,61.207470199364,37.414940398728,73.622410598092,18,4,16
"861",2,53.0459192915658,21.0918385831315,60,15,4,13
"862",2,67.6303042228546,50.2606084457092,92.8909126685637,21,4,19
"863",1,60.232581183607,35.465162367214,70.6977435508211,18,3,16
"864",1,66.1999117982696,47.3998235965392,88.5997353948088,20,3,18
"865",2,61.5428631773139,38.0857263546279,74.6285895319418,18,4,16
"866",1,63.9281380225103,42.8562760450207,81.784414067531,19,2,17
"867",1,65.5873935236807,46.1747870473614,86.7621805710421,20,3,18
"868",1,59.9750886382781,34.9501772765561,69.9252659148342,17,2,15
"869",2,59.1079089490491,33.2158178980981,67.3237268471472,17,4,15
"870",2,63.4811453447354,41.9622906894708,80.4434360342062,19,4,17
"871",2,62.6089860424678,40.2179720849355,77.8269581274033,19,4,17
"872",1,57.7608670487827,30.5217340975654,63.2826011463481,17,3,15
"873",1,62.0270030202235,39.0540060404469,76.0810090606704,18,3,16
"874",1,56.315177876653,27.6303557533059,60,16,4,14
"875",2,61.2787400720523,37.5574801441047,73.836220216157,18,4,16
"876",1,58.5753324753322,32.1506649506643,65.7259974259965,17,2,15
"877",2,59.8443933750333,34.6887867500666,69.5331801250998,17,4,15
"878",2,57.5707055651994,30.1414111303988,62.7121166955982,17,4,15
"879",2,59.3245595792208,33.6491191584415,67.9736787376623,17,4,15
"880",1,52.5964063858125,20.1928127716249,60,15,3,13
"881",1,66.281845628428,47.563691256856,88.8455368852839,20,2,18
"882",2,61.0452082495479,37.0904164990957,73.1356247486436,18,4,16
"883",2,61.5657839479506,38.1315678959013,74.6973518438519,18,4,16
"884",1,65.3757411933192,45.7514823866383,86.1272235799575,20,3,18
"885",1,58.5668741271479,32.1337482542958,65.7006223814437,17,3,15
"886",2,59.8401128628425,34.680225725685,69.5203385885275,17,4,15
"887",1,56.286333016806,27.5726660336119,60,16,4,14
"888",2,70.426100960757,55.852201921514,100,22,4,20
"889",2,64.27445205205,43.5489041041,82.82335615615,19,4,17
"890",1,65.0022299807222,45.0044599614444,85.0066899421666,20,4,18
"891",2,54.0794104495734,23.1588208991468,60,15,4,13
"892",2,52.2944872243811,19.5889744487622,60,14,4,12
"893",1,58.9413349961959,32.8826699923918,66.8240049885877,17,4,15
"894",2,60.8517628498134,36.7035256996267,72.5552885494401,18,4,16
"895",1,56.5461131278353,28.0922262556707,60,16,2,14
"896",2,68.4886036951602,51.9772073903203,95.4658110854805,21,4,19
"897",2,59.6365501869707,34.2731003739413,68.909650560912,17,4,15
"898",1,56.4119557185536,27.8239114371071,60,16,4,14
"899",2,57.9174278084607,30.8348556169214,63.7522834253821,17,4,15
"900",1,70.9679338052788,56.9358676105577,100,22,3,20
"901",1,62.7117391289076,40.4234782578152,78.1352173867228,19,2,17
"902",2,65.118338044909,45.236676089818,85.3550141347271,20,4,18
"903",2,64.0641305435524,43.1282610871047,82.1923916306571,19,4,17
"904",2,66.5051353870549,48.0102707741098,89.5154061611648,20,4,18
"905",2,62.8397820547418,40.6795641094836,78.5193461642253,19,4,17
"906",1,59.3996427886848,33.7992855773695,68.1989283660543,17,1,15
"907",2,57.5399864687064,30.0799729374129,62.6199594061193,17,4,15
"908",2,61.0038598769667,37.0077197539334,73.0115796309,18,4,16
"909",2,60.823996494,36.6479929880001,72.4719894820001,18,4,16
"910",2,63.4682884811278,41.9365769622557,80.4048654433835,19,4,17
"911",2,60.666621266683,36.3332425333661,71.9998638000491,18,4,16
"912",2,56.3026842068464,27.6053684136928,60,16,4,14
"913",2,58.0124059237611,31.0248118475222,64.0372177712833,17,4,15
"914",1,61.2857931968149,37.5715863936297,73.8573795904446,18,3,16
"915",2,58.5991304042791,32.1982608085582,65.7973912128372,17,4,15
"916",1,65.0398379605508,45.0796759211016,85.1195138816525,20,3,18
"917",1,65.776098120116,46.552196240232,87.3282943603479,20,3,18
"918",2,58.986025254333,32.972050508666,66.9580757629989,17,4,15
"919",2,58.3929522645881,31.7859045291761,65.1788567937642,17,4,15
"920",2,51.8947304146974,18.7894608293949,60,14,4,12
"921",2,62.8405262949659,40.6810525899318,78.5215788848977,19,4,17
"922",2,63.3564012358898,41.7128024717795,80.0692037076693,19,4,17
"923",1,67.3012976088853,49.6025952177705,91.9038928266558,20,1,18
"924",2,51.8114031285689,18.6228062571378,60,14,4,12
"925",2,66.4925054110498,47.9850108220997,89.4775162331495,20,4,18
"926",2,59.2315008560293,33.4630017120586,67.6945025680879,17,4,15
"927",1,67.8957442279229,50.7914884558458,93.6872326837687,21,2,19
"928",1,70.2761759276304,55.5523518552608,100,22,2,20
"929",2,66.4224332543607,47.8448665087213,89.267299763082,20,4,18
"930",2,62.0870165863999,39.1740331727998,76.2610497591996,18,4,16
"931",2,65.7992680364322,46.5985360728644,87.3978041092966,20,4,18
"932",1,62.4579512785922,39.9159025571845,77.3738538357767,18,3,16
"933",1,65.5100435885747,46.0200871771494,86.5301307657241,20,1,18
"934",2,62.8428521514016,40.6857043028032,78.5285564542048,19,4,17
"935",2,58.1804145744159,31.3608291488318,64.5412437232477,17,4,15
"936",1,60.6847818538077,36.3695637076155,72.0543455614232,18,1,16
"937",1,63.6213771355266,42.2427542710531,80.8641314065796,19,2,17
"938",1,67.6999080297352,50.3998160594704,93.0997240892056,21,2,19
"939",2,64.9349616735736,44.8699233471472,84.8048850207208,19,4,17
"940",2,55.2698900101565,25.539780020313,60,16,4,14
"941",2,56.9365965788952,28.8731931577903,60.8097897366855,16,4,14
"942",2,66.4344329517385,47.868865903477,89.3032988552155,20,4,18
"943",2,57.2167492003504,29.4334984007008,61.6502476010512,16,4,14
"944",1,59.8851113891963,34.7702227783927,69.655334167589,17,3,15
"945",1,66.6237056133114,48.2474112266228,89.8711168399342,20,3,18
"946",2,61.3194883450775,37.6389766901551,73.9584650352326,18,4,16
"947",2,64.2066950953942,43.4133901907883,82.6200852861825,19,4,17
"948",1,58.6793125549072,32.3586251098144,66.0379376647217,17,2,15
"949",2,64.433846459536,43.8676929190719,83.3015393786079,19,4,17
"950",2,61.1274287784514,37.2548575569027,73.3822863353541,18,4,16
"951",1,62.7241636233055,40.4483272466109,78.1724908699164,19,2,17
"952",1,65.8812536337779,46.7625072675557,87.6437609013336,20,2,18
"953",2,58.4321237907366,31.8642475814732,65.2963713722099,17,4,15
"954",1,62.5268834425569,40.0537668851137,77.5806503276706,19,1,17
"955",1,67.6985064929397,50.3970129858793,93.095519478819,21,3,19
"956",1,67.4550135534827,49.9100271069654,92.3650406604481,20,4,18
"957",2,61.2184474233384,37.4368948466768,73.6553422700152,18,4,16
"958",1,57.9234283682387,30.8468567364775,63.7702851047162,17,1,15
"959",1,49.8241361889091,14.6482723778182,60,13,2,11
"960",2,56.7832105108448,28.5664210216896,60.3496315325344,16,4,14
"961",2,60.2691074051465,35.538214810293,70.8073222154395,18,4,16
"962",2,58.052190580474,31.1043811609479,64.1565717414219,17,4,15
"963",2,69.3891277668245,53.778255533649,98.1673833004736,21,4,19
"964",1,52.7119663662807,20.4239327325613,60,15,2,13
"965",1,63.6192768918848,42.2385537837696,80.8578306756545,19,2,17
"966",2,53.9096186923043,22.8192373846086,60,15,4,13
"967",1,58.4712056505582,31.9424113011163,65.4136169516745,17,3,15
"968",2,60.1219885831103,35.2439771662207,70.365965749331,18,4,16
"969",2,61.7613305059384,38.5226610118768,75.2839915178152,18,4,16
"970",2,64.1189487775552,43.2378975551104,82.3568463326656,19,4,17
"971",2,62.9889328054976,40.9778656109952,78.9667984164928,19,4,17
"972",1,66.478187322225,47.9563746444499,89.4345619666748,20,4,18
"973",2,57.1096691041946,29.2193382083892,61.3290073125838,16,4,14
"974",1,60.8648749023282,36.7297498046565,72.5946247069847,18,2,16
"975",2,57.0940187699612,29.1880375399224,61.2820563098837,16,4,14
"976",2,56.0870470183258,27.1740940366516,60,16,4,14
"977",2,51.6658539786681,18.3317079573363,60,14,4,12
"978",2,56.4326337584814,27.8652675169627,60,16,4,14
"979",2,57.4666208609939,29.9332417219877,62.3998625829816,16,4,14
"980",2,56.5240802794257,28.0481605588514,60,16,4,14
"981",1,62.7080390558245,40.4160781116491,78.1241171674736,19,3,17
"982",2,57.0946135181896,29.1892270363792,61.2838405545688,16,4,14
"983",2,62.154160255103,39.3083205102061,76.4624807653091,18,4,16
"984",1,63.3585059479329,41.7170118958658,80.0755178437986,19,2,17
"985",1,57.8324634724816,30.6649269449632,63.4973904174448,17,2,15
"986",1,56.0950828555274,27.1901657110547,60,16,4,14
"987",2,62.0814909118806,39.1629818237612,76.2444727356418,18,4,16
"988",2,55.8918970018402,26.7837940036804,60,16,4,14
"989",2,61.0553794517956,37.1107589035911,73.1661383553867,18,4,16
"990",2,63.7741158487059,42.5482316974118,81.3223475461177,19,4,17
"991",2,68.9005487634182,52.8010975268365,96.7016462902547,21,4,19
"992",2,63.3297384095223,41.6594768190446,79.9892152285669,19,4,17
"993",1,59.9463309022573,34.8926618045146,69.8389927067719,17,2,15
"994",1,53.9947269678571,22.9894539357142,60,15,3,13
"995",2,56.7830110775549,28.5660221551097,60.3490332326646,16,4,14
"996",1,63.9864615523899,42.9729231047799,81.9593846571698,19,4,17
"997",2,62.6412413719055,40.282482743811,77.9237241157164,19,4,17
"998",2,61.4183486940335,37.836697388067,74.2550460821005,18,4,16
"999",2,59.9393034755183,34.8786069510366,69.8179104265549,17,4,15
"1000",1,59.0404311126134,33.0808622252268,67.1212933378402,17,1,15
